{"cameraMode":{"drawMode":0,"name":"Shaded","section":"Shading Mode"},"sceneLighting":true,"audioPlay":false,"sceneViewState":{"showFog":false,"showMaterialUpdate":false,"showSkybox":false,"showFlares":false,"showImageEffects":false,"showParticleSystems":false},"in2DMode":false,"pivot":{"x":23.108543395996095,"y":-11.15866470336914,"z":-29.534481048583986},"rotation":{"x":0.0775892361998558,"y":0.8484771847724915,"z":-0.1298108845949173,"w":0.5072148442268372},"size":50.92348861694336,"orthographic":false}