{"cameraMode":{"drawMode":0,"name":"Shaded","section":"Shading Mode"},"sceneLighting":false,"audioPlay":false,"sceneViewState":{"showFog":false,"showMaterialUpdate":false,"showSkybox":false,"showFlares":false,"showImageEffects":false,"showParticleSystems":false},"in2DMode":false,"pivot":{"x":0.18900001049041749,"y":0.3830000162124634,"z":0.0},"rotation":{"x":-0.20937548577785493,"y":-0.6253358125686646,"z":0.17937181890010835,"w":-0.7300871014595032},"size":6.367079257965088,"orthographic":false}